signal_ID,intelligibility_score
c657dc0bd1f822f8ff7104a1,0.3231824212090772
5ab5a95be3c18dc173fdc18e,0.30842079868901734
795996ed006725199e5efc0b,0.46963046449163154
ff6946553173184eae036062,0.2223002626706633
95e1416bf854594d6716ab25,0.2223002626706633
29dbd8d2300642cfd31b4604,0.8215585910433472
1d887341bdf775c49d8a0c30,0.6329953302650524
77dda6054a517033716f00ff,0.5930065735158547
8e4cfa2df03c1076ff189821,0.3231824212090772
51846fccdf380d6f09a9699e,0.2223002626706633
d6a9e1b6f405e3e061bbc394,0.2888770566342981
2dd0edaf5ee6e907b6b87897,0.6329953302650524
97bea51b250b322aa61f3212,0.8215585910433472
22412ee63a0ce39325b7f1a9,0.2223002626706633
5c0a7081614734384197a20b,0.3231824212090772
e9b2261621783f80b4cb72ea,0.2223002626706633
02c69da592e90fbb6f731541,0.6980550453424126
d58123ff532d0ac98037bfa5,0.565990492555927
807b8bf20474fed92b2f7b2d,0.2223002626706633
7a51d406a61788b58f00654b,0.30842079868901734
deeda867a81f10037eaee380,0.3753179592743389
5cf95b3c90b285622e516e64,0.46963046449163154
8ed3496ac812389725ed2060,0.6329953302650524
89d3e6cd16abec7b538e75bc,0.3231824212090772
ca8e4f72fb82d5b598a0c131,0.2223002626706633
5cd3f6666e7920b7ca725490,0.2223002626706633
594d085d0b23f685970139d6,0.565990492555927
a89c3c861f5a57a9ade64d27,0.5036863856899226
1255127ec5a5db705458c36b,0.681986452979044
f0272f04b8f0e9aeae54ec31,0.7108122634763278
3d396cb13ce260fca38b7635,0.2765389398767427
fae705f0a7386ce12e070228,0.2223002626706633
0f805fd6742e639370f6e6e6,0.2223002626706633
52a29beae465afea1dcf9bc1,0.6329953302650524
2d84faf896231f94341f20ac,0.3753179592743389
406eb6b2215b3e7318fac336,0.6980550453424126
814151588161f46e55aa867f,0.46963046449163154
72d4a0f9223d8367187b1bcf,0.2223002626706633
8e98d43842f6c556ab0d579f,0.48749817882710983
134164ae70296696c728d777,0.565990492555927
760358d2e31daf5445893b4b,0.3439656026838431
6a9057199e764484cb014bda,0.2223002626706633
a64d4113468855bd15f70d16,0.3896114753503993
7253b96c3236af5867f5980a,0.3292823902614399
7090f27538cef83d0e073b76,0.2765389398767427
8df6136ed4fd33771cf26205,0.2223002626706633
eb0a454e2f81a918902ec8b6,0.8215585910433472
48cc7fa1e7b72963a43caabf,0.3977852877644194
0e947e60750cb377dc6a7780,0.3439656026838431
5a61d6b195b7894cabf2005f,0.2223002626706633
58f8fb1bd72ea866b69fc20f,0.8215585910433472
6eca6856a3d488dd1ba7625d,0.3292823902614399
769fdbab03f640bb04f9baff,0.42776194331706413
47ab392bbbe73c87627abb5b,0.565990492555927
918e989828e9173348d712ee,0.3632403818712023
440e71a59c558a99469f38b3,0.565990492555927
e78c9a7a111b79eb34662c2d,0.2223002626706633
e0fcc2e69893d04370cadcd9,0.3632403818712023
68a1918781a3894dc2b00ce8,0.8215585910433472
eba67c42ed61380136d82a3a,0.3439656026838431
148133b7eecef2eecffc4799,0.565990492555927
bf54e742997b70d8c40f51ca,0.42776194331706413
12af34c2bb9f504ce93a850e,0.48749817882710983
278231192ccc0b66774a8637,0.3231824212090772
c66c9f875760b1dcb0960edf,0.3977852877644194
c65e4791ac98783c679bb8b1,0.8215585910433472
f771e545d9294ed64af408c8,0.5318636610048503
f47bbb1f66c1415fe69dab61,0.2223002626706633
886ae67baf1794926c66dae8,0.2888770566342981
c06ddba90a6f952b52e50138,0.2223002626706633
3d100129795fa5524ce3b65e,0.2974058883745522
9c91fcf7758fbf79522d90a5,0.8215585910433472
cbec75dc6e3752c9e2e34bef,0.2571323073537898
eefaa3ab6827a5adb315df87,0.3753179592743389
c30b901092248bc6906c17b7,0.3439656026838431
aeb1ad98386d71e6db4b8129,0.3439656026838431
a3275271e3df6084a762fcf0,0.6611317405895898
558e18e3a3241143e0d4d650,0.3439656026838431
da6c3f0c62fba94dbb752a4d,0.3753179592743389
454fea627ad84956d8c1ae61,0.6611317405895898
78efb747fb54f8a626dd4d84,0.3439656026838431
aaf2c612cb68642efa4289a9,0.3231824212090772
52a634dfb43a96998294ab65,0.8215585910433472
e5daf80b17c3704b9f001945,0.3632403818712023
32c4f6b65120e449815e15e7,0.3439656026838431
dbf72c5a910c12d897a32e41,0.8215585910433472
e05dc8ba6a31805af828a8ac,0.2223002626706633
5a8e46fb8fedb9f0380c2669,0.3753179592743389
9d2fc5e4305829596cc2e438,0.2765389398767427
5cce534c9bb4f8fd6b7b893f,0.2765389398767427
3845f846affeba7f233b3cba,0.2888770566342981
eded6c4c62c7cee0eff9d5e6,0.3977852877644194
4277c59a450544284dd88a6c,0.5318636610048503
3ebc3c5c7da93d7d6f136911,0.2223002626706633
6a143e15ac868db59cbc471c,0.5318636610048503
c55d30f9d94883cc84fe1085,0.2223002626706633
ad3d8d40f47b7652c52c429d,0.6980550453424126
de3257fbd48bb06ecec01c3f,0.3977852877644194
1298a3bd86cbaae7fd116631,0.3439656026838431
20188397edf47edd45eac2d6,0.7108122634763278
3e122f91e9cbbe81c0de394a,0.3439656026838431
43ebf2f77e73b00b965038f2,0.2223002626706633
d21088c5deb01b3937fbae40,0.2974058883745522
d71af8607a921d8f9063d51d,0.2223002626706633
a0a51a3fd86207806f0d369c,0.2223002626706633
381e7b40d12fe0f903084936,0.2888770566342981
b140035826c36bafb6a692aa,0.3753179592743389
d8e5c7377aef683d21069ebc,0.42776194331706413
4a0ea920262856937fc8abd5,0.3439656026838431
668022ed95bd3301650af0fe,0.3231824212090772
23138090f018b8efabf3d34a,0.48749817882710983
bd19318eb3345bd7bc35147d,0.3632403818712023
cf19b937f260a2217f247726,0.2223002626706633
699759f01eeaa4d29289769f,0.6611317405895898
15ecf191ca865e028a214ea9,0.5318636610048503
5c9a976914d09bb4cfa7a753,0.8215585910433472
634dbb34b86993a9f23de2e1,0.2223002626706633
4a18e04faed1fabb4f173f50,0.3753179592743389
34929926fce4b75d199ed172,0.2765389398767427
3566fc38c2b7de55dda2694e,0.8215585910433472
bda8880dd38703d7636b0d35,0.3632403818712023
196efb924419f2a108d00e4c,0.7108122634763278
3af14c14dc0978cc87236cf7,0.5555299373418671
22c069f56df48764005839d5,0.3753179592743389
0fcaae52291c6b452fc9aab9,0.2223002626706633
4ce25fdb7c8857563c62bd6b,0.3231824212090772
a3b78d7d2a94d61836b0ed9e,0.3231824212090772
480854fa6e19254c1cdfbeca,0.2974058883745522
60ea7ee34bad41f1cb6c06b8,0.3439656026838431
0fec7055fb3acfd0333172ee,0.2223002626706633
69ba7099f8d69587e5f0f9a8,0.2571323073537898
85cfaeea2bc7e759bfb3401d,0.3439656026838431
69ba6356a72481b60b741d75,0.2888770566342981
439f377c5730b261e50986b1,0.2888770566342981
72c845689517dfeceff813e6,0.2223002626706633
8628a83658e553785669f9fb,0.8215585910433472
836b8ffc42cfd1b44fc5f2d3,0.3439656026838431
44140dd548cf99a06f3760b2,0.3439656026838431
98361900025af1e8f9cabf82,0.3231824212090772
e56bcbf73ac926fc50f634f8,0.2888770566342981
be2dadd90d77266b4c687e6e,0.42776194331706413
d76e76f70015acc836f810e4,0.4599871735494544
86ae26307d103d02e7f43374,0.3753179592743389
2573db2badff1f85ff90353f,0.2571323073537898
e27139a212fd085938642b9b,0.8215585910433472
3618173b14453875ad4e835a,0.2223002626706633
f0724d953991039d1719fa52,0.8215585910433472
930b1cd66108d3b9916ff69b,0.6980550453424126
1955c093f35379274b993f92,0.48749817882710983
9a7307ecf1e52a7ab829ecb1,0.42776194331706413
ce17b6b998b4ab28dc0d78ef,0.26804909300263763
200eb582c10be606ca974f10,0.5318636610048503
76af6c92a8b9b97876c68199,0.8215585910433472
948df368ecd2c56cfd040ddd,0.8215585910433472
606712b2591935062176077c,0.3977852877644194
58f2bc328c74feb558672d70,0.8215585910433472
ae34facca35c3bb972593d73,0.48749817882710983
220d609465fbbaf33ec3c90e,0.2223002626706633
13750d0137d1922d46b1115c,0.6980550453424126
62ee715aa90f4bd0e526ade7,0.6611317405895898
625fef26177130ce36b3091c,0.3231824212090772
05e7a5595e36b6b6b1a2fc0b,0.8215585910433472
0d5f9417d52a0173284a4afc,0.8215585910433472
848eebe031225fa98d07c130,0.5318636610048503
34ce373fb7035f31d87cc70a,0.8215585910433472
5d9c52c4f6a95bf815bf9f9d,0.42776194331706413
aaa6028b21666bd2852860d1,0.8215585910433472
dc38b97aea0c3e107db17a2e,0.8215585910433472
af48e93d9f636f2127e403d5,0.2223002626706633
eb52ec7f9a575e8487224b3a,0.48749817882710983
9e199f1dc4c7bab7e40b58ef,0.6980550453424126
416aca7199b561f0b928dd2a,0.681986452979044
f0a1ad503f20393c83e58d3a,0.2223002626706633
9d278dca79e6d94840318f0f,0.2223002626706633
b845b1585e464c3133562663,0.48749817882710983
0cd182599e709e92d564cbed,0.8215585910433472
4467dbb438cafd796d47c782,0.5318636610048503
4f310e25e331034a09dd8b85,0.8215585910433472
ff0fa5849212aff1f7634785,0.2223002626706633
65464fb74b50614d0a0a91db,0.25041732575950965
f3a9e468dfeabf2637f1de45,0.5036863856899226
4b20b038454ed66190415090,0.2223002626706633
56bb03c5ab676e02cfb53296,0.3231824212090772
331a3f3648e79f02ffeac8da,0.5318636610048503
1221e08b0861666c281b9a7b,0.2223002626706633
e558f6feadc490a4cfabb60e,0.2223002626706633
53c9affe312538e3d1053856,0.8215585910433472
06957dbcee3208b0e7d1b919,0.2571323073537898
e679f1e2fa158b4dd1d4c30c,0.2223002626706633
2e9d89b3d46e66719ccf0d30,0.2223002626706633
ddd796295599c7c33d3c7bfc,0.8215585910433472
9837ed31e3e40546f4e26dfe,0.3632403818712023
bd2f3d767ccd61c0b1b3aa60,0.2223002626706633
800184203df11d845faf753d,0.3753179592743389
786ef222c93181cb77200d95,0.3231824212090772
bdbcdc16fe3c87c9f0c322c8,0.614902014909253
428f0844b9123fb5612bf9e7,0.4539534186941784
f231ab0024fa0fdd8adaffbc,0.8215585910433472
4cce0cbf0b813bd33e4e684b,0.2223002626706633
359d6fe1aec5e75f7be2c2ab,0.30842079868901734
1e7cffb7bbb8c72646c5a2a2,0.42776194331706413
58485e4f70961c07fb6e1fef,0.2618527453416014
bdb5e6ee9b8fadba82b5c4b2,0.2223002626706633
a1981ab7835d19a8a6fc85d3,0.2223002626706633
cf5b032485382b0e3a512052,0.8215585910433472
80ba124a6b16d373fe4b38ba,0.2765389398767427
03622d18ab7787dfd7c3c629,0.3632403818712023
c29be37011b2d58acac8d44b,0.5555299373418671
e2b7f913196a888762e3f01b,0.5036863856899226
67cf28d9496bf635592a8891,0.2888770566342981
bd7635c52642e8fb6482c038,0.2223002626706633
021ed8e9c68be5ef0de420f7,0.3753179592743389
8e4517e4bb82f4760af0bc1d,0.5930065735158547
a3249bf9afabdfe35ddc9ba7,0.8215585910433472
1a9306d20fb744780b04ca80,0.8215585910433472
29bd082d36ba6f928d3d0bc0,0.8215585910433472
45d1ae259a2b9c87ffc15ed0,0.2888770566342981
34248b003ba1cfd3b4e84749,0.5930065735158547
b30db97bb2b0e015a9d706f3,0.42776194331706413
ed9064631a4c8301ced69701,0.2223002626706633
c0fb367a8074636ddeee5ac2,0.48749817882710983
e166ececec0ae0812b3b560a,0.8215585910433472
818a44c6166f92cb54d5340b,0.2765389398767427
6f5fa01db0662a90d62d7686,0.42776194331706413
549551f22d20f4e42fbf9ca4,0.2223002626706633
3ab6ebe906150fcb15d6f76a,0.3753179592743389
91fc018f8874058c8216431f,0.2765389398767427
55bd42da64b5e32d02aa5b36,0.3632403818712023
b81f0a970d4f639e2fde98f4,0.8215585910433472
193a42d31762786e8061e745,0.2223002626706633
6e149e0794179dbe3035bc05,0.5930065735158547
26ea776b6d7f200f169f3e0e,0.3753179592743389
14df0fca229fb9d3aabed097,0.5036863856899226
eb8547ba88b563eb876f3bbc,0.8215585910433472
e1b864cdbfda8a6cf03b2bae,0.614902014909253
073fa5c0744beb490262dffb,0.26804909300263763
4205e8f9a0d0b620fe2131e7,0.3439656026838431
1e9cef9bff542b23fe34c9ca,0.6980550453424126
1c5e50e821f6e2c5702f80b3,0.3439656026838431
09220d6f81b3c95686dc7a3a,0.5930065735158547
bf5bd6a0fd96a5a0bf7a1d90,0.3439656026838431
cfd995389ec0f9d8196d6d1a,0.6980550453424126
156cd925737e1c400ee67633,0.8215585910433472
029ec6f392aad400c28ca6ea,0.7108122634763278
dba2c150707f5509fe9be418,0.8215585910433472
1df1225b370524fc3d5d5210,0.7108122634763278
2888b8bf6459a74fb1712583,0.8215585910433472
04debc30a634ac625fac9998,0.5036863856899226
e51577db7b72a64f7d5513b6,0.2223002626706633
774327c8370a9a1e6245d27a,0.681986452979044
d4161b017636a0098b462b91,0.5930065735158547
1cc1a4731cce66334fe33a30,0.30842079868901734
cb90114499db5c967895f57e,0.5318636610048503
d7b9487afe988dd7e8de5745,0.8215585910433472
2939c120956e9fb7c7f86219,0.2765389398767427
06304d643cd8e6f803f6666a,0.3753179592743389
fa3621fc48b98567c9b99df6,0.6980550453424126
87ff5bb62d512e3fd72a994c,0.3977852877644194
06d70804722c0ef38085e272,0.2974058883745522
d0a1c774260c4362100b4601,0.46963046449163154
cf5d8c2863c37b0fe81d7731,0.6980550453424126
b848f7fee55f8ee7f27cbfb1,0.3439656026838431
b0bf147c2c6c73e8326123d0,0.8215585910433472
e57abf957ad68181f734b9b9,0.6980550453424126
af74ce7fa5d2c749fd22a137,0.6980550453424126
c07814011081ed8a16dc3dee,0.2223002626706633
2c3adf9267f19066addb3c84,0.5930065735158547
f3ce9b8bb05f4b968f38f024,0.2223002626706633
0d257c10532e36390e816690,0.5318636610048503
be23350683a6ec1d0bce01cc,0.8215585910433472
fb0f295ac22b416a7e3514f7,0.6980550453424126
0d4185fb0cbccbd1d9345e01,0.3439656026838431
59993c41bca84baeae14a422,0.8215585910433472
8510165dd8ea85367541327e,0.2571323073537898
6e534e0872992e02a0c7bbc1,0.48749817882710983
6eaa38044c16c5b521e7e879,0.8215585910433472
32c1d43162b3927b06b1b029,0.3439656026838431
e9f94fd5952bcdde59b7f11e,0.2974058883745522
e958cbd858035cfa0815fb9c,0.48749817882710983
162cabb56a01f40e35bebf86,0.3439656026838431
7b37cc4398f0e68443cd4a67,0.46963046449163154
b66c225fff5eab57ddcda5d7,0.42776194331706413
f8519f563d639487a8ede6dc,0.2765389398767427
397995f48a8a9fe055c69677,0.4599871735494544
83bc3cf692cf167129806803,0.5930065735158547
2c9c502c39a308ff4193d3cd,0.2223002626706633
0d19ce5b86d64ee39dd65977,0.2571323073537898
f6eebddb9905fffdb1b7af05,0.6611317405895898
0201412499e1e7212340f13f,0.3439656026838431
807c1e3d891d9cf463b423b2,0.42776194331706413
89ad7dfdadb5cb2a1b90311b,0.2571323073537898
af26de423646ff2035c45d9f,0.2479445535338576
4fcddb1f085fffac31464340,0.3439656026838431
21ffc1d6315df5f96105c4de,0.6611317405895898
d17cbf345ddfac26fc30c5f2,0.2765389398767427
c3e806b844ab01a1970e4242,0.2223002626706633
97f7de77cf800223f6922693,0.2223002626706633
8b0e3326c2bb7c75fe10a1b5,0.2223002626706633
5e3c03f3307a2601dc7ed79a,0.6611317405895898
7071ae15a43ad97ced65ae1a,0.2974058883745522
0205ca67893777f194bb3da2,0.2223002626706633
5d9baf229eb5fedae7536a2d,0.42776194331706413
e9225c1e4c6246502ff8470d,0.42776194331706413
aee97bee781d08be457d65db,0.3231824212090772
c7ba2c68fa5f7ad52600e1d3,0.48749817882710983
2c39302f257a58ff74296702,0.2974058883745522
ad9f62a21999b86018235743,0.6611317405895898
ae75cfad7d97f3cc8ce59511,0.8215585910433472
543a2b86a4bed1eb38745e17,0.5555299373418671
966b9692e0736f1aeb6cc9b1,0.2223002626706633
bdea89da62fba3b13cdfc899,0.2974058883745522
a0bb346bcee75e2e42004294,0.8215585910433472
2c183a16a702dd13d7051605,0.42776194331706413
f5f2595b5396fc01df219cf7,0.2223002626706633
0482ad6fa398c5943312d1e1,0.2618527453416014
b546ba641a6a946fb8721c85,0.4599871735494544
2b70b6db96b6b38094fbb3f5,0.5555299373418671
8874889dab825e8926410a0b,0.8215585910433472
5db24066fe0e9118d9dfbd1e,0.8215585910433472
883c1f28b8d64aa7d2c01da0,0.4599871735494544
19308480a8a54603acb6137c,0.2618527453416014
304bc8d19835072fd7328ca2,0.3632403818712023
f38b2e427f7e4982bab04935,0.3753179592743389
ceb4f8a9ce4d8d7f23362bf1,0.565990492555927
7378c333f38fe288a30f86d9,0.3632403818712023
36d523f2774e82c379c3c707,0.3231824212090772
b93ba9c655b224d50a7c9dc5,0.3439656026838431
d4d5b69f1a5d589ed99c48ac,0.2888770566342981
73019bea4d7956ecd01079ea,0.2765389398767427
90dc2a3daa1cbe42217f6a02,0.2223002626706633
ec054438a3acd26eacd3c254,0.2571323073537898
86119723164fd03f28e569ff,0.2888770566342981
084a0a6658192f5b1167f0ca,0.2223002626706633
35e92deca01caf216e5307e2,0.2223002626706633
6faae7448b7a32f15762062d,0.2223002626706633
7c0efab977e45c9d82953ae7,0.2223002626706633
f54e2d7c815031226067662b,0.3231824212090772
639e37be971a3d74f48f1243,0.26804909300263763
ca7e0717924065623dcba048,0.2223002626706633
643c61ce3be8e153b844c1c2,0.5036863856899226
476d82a07212c17a556482a8,0.565990492555927
7bfbcc119d77299f9fb720c7,0.2223002626706633
3695e20473a32cc67c98bd22,0.6329953302650524
926d7e2673d7a9e70fa8a3f1,0.2223002626706633
5f3163dd58a49663a38abe36,0.2888770566342981
287a95f57f834198ca894a71,0.2223002626706633
f94505076048218b5e026414,0.3439656026838431
1234220604441331998b8c44,0.3439656026838431
06004f39a042a54c08e20fdb,0.2223002626706633
c638a72d32bacfb51154971c,0.2223002626706633
e67d81c95e1896534243cd7e,0.2223002626706633
2cc004edcb87ca84df7793ac,0.2888770566342981
df7683ea93df1cf4e5a92dd4,0.2223002626706633
c333ff8c5eb5ea18c9844f4c,0.3896114753503993
f8dca9b30938b66ef811fbc0,0.2223002626706633
465a263cf86333b742334d15,0.3896114753503993
6cb249168492c6575b22a35d,0.25341714401945137
91acd16fdbbf3074409fa267,0.2223002626706633
201f18f5b58c5397da695406,0.3632403818712023
7941b8908d6df559b11d9ae8,0.8215585910433472
aca0dde9b0d9cc2addcc4e34,0.2223002626706633
fa6319877311d877e07a78e5,0.2571323073537898
c182e4fc95cb571d3beaba22,0.2223002626706633
14a6d101d74393ac30c21c59,0.8215585910433472
4e9af9564052f1dea5de588f,0.8215585910433472
9a3bfd5a3d4b406a25bbc55c,0.2618527453416014
4bc5eb1c0b52e69c6d142acd,0.2888770566342981
b0ec43c894cf1edc7765217d,0.3177347970788955
20a3af90b297630e1b889555,0.3632403818712023
a0ab4c0f5bba4504d3344be1,0.6329953302650524
77145c64b2c007ed37dd5ca3,0.48749817882710983
17e059c1a0f12ff0f746aa66,0.6980550453424126
b9b28179bd94454ce5ff5c81,0.2223002626706633
56a025174c20eb5cf7cac527,0.3753179592743389
3ac237984aca11e0a9c23342,0.5036863856899226
386b59dd190cda4c9812b2ad,0.8215585910433472
0fb904e87fee649359cb1359,0.3753179592743389
176e7479decd180db05198b6,0.8215585910433472
c715fda3dff505244ac5fad3,0.30842079868901734
205ae72fa43ad2104b2ecb2e,0.2223002626706633
213f81824b65a1bbb68e8166,0.357879350742032
deacd521711fa512d3bdad78,0.3753179592743389
2981d85f57cf4a4500cca45b,0.7211844798600746
ddc9f7ef2fca8a3813a63d15,0.357879350742032
83871684038e400d6abd5163,0.3439656026838431
dc596889fb26fbe346518071,0.3753179592743389
639b36c295713112c87fd0bd,0.3632403818712023
bbf19c669b09c2aafc7448d3,0.2618527453416014
b5717ae3dd50c2ba684816b2,0.6980550453424126
1901b79154bf91f393c86964,0.5555299373418671
76cf7b9b3e4886698551640a,0.2888770566342981
9c8e737b8c607a45665ea0b3,0.2888770566342981
762e9fd0dbe5c931ff550c79,0.2223002626706633
6e5b4c51c038bbd6e18f57fc,0.2223002626706633
aadc4edb21ba89f0b72938d1,0.7108122634763278
49d38e329d2cdc37018cd814,0.6329953302650524
adbf4dd3417644b53e739669,0.8215585910433472
a3374c8eb7bd8efaff54b500,0.6611317405895898
62b3b467b646145e169b227f,0.2974058883745522
d0b07385506740ce6a94ccc3,0.2223002626706633
9d01dd512096c9f8612733a1,0.2223002626706633
5ab389ed7e8b6236d674eb59,0.4599871735494544
e9d4ed6bfc0c51b805cdaedf,0.6980550453424126
81d499cb14f494aa76d0c3f0,0.2571323073537898
25c5356820751c5092dcffd7,0.3632403818712023
679acd1b95fbc3138383da8a,0.2765389398767427
dbcc50aea0ead1c7aa51111f,0.48749817882710983
d87499a8f64ff082ddd68d26,0.3753179592743389
47e0fe8bec8825fed7ca38b5,0.3896114753503993
8d2cec5a0a377e3cee4b4642,0.5318636610048503
2e79646327dcd9d02c339cfd,0.2571323073537898
f5f83c8654271d4f8cc62616,0.2223002626706633
46f8402dc68bc972c1b213bc,0.5318636610048503
4cb1154c56d503d5606f4697,0.3896114753503993
22c71be2d410c3370219cd70,0.2223002626706633
2ad395aa5c641b995b8745a1,0.6611317405895898
6d37ed88dc3486108e9546f5,0.8215585910433472
5df1bb4a2ca46ed00250f39e,0.6329953302650524
5c8d244ae8c0fec5e7692db5,0.2223002626706633
91b162b70bbef8f6376f5fc9,0.5930065735158547
393ab4d415e9318fd37f0042,0.2765389398767427
2e69f880307314a57ce26105,0.2618527453416014
fb1d7e346c0fab8e2cc26835,0.614902014909253
5ed8cdc889b2c845cc6e1deb,0.8215585910433472
f2ed29d1fb3694dc475d7af9,0.6611317405895898
6ef684f7a6dab61c51a7f33f,0.5318636610048503
5642240c9865e9e256228510,0.5930065735158547
f2a46bb83d2aa80ca1ab144a,0.7108122634763278
27371db34daa9b0714208f0d,0.2618527453416014
49ad5e13d4171b71e6756305,0.2765389398767427
4e4620f16edcaa5eed3ade07,0.2618527453416014
d0f684972cd028a312abb9bb,0.5930065735158547
9036908d86f61104ace01829,0.8215585910433472
439347743993a24a553d08a9,0.4599871735494544
9742c0029cb73c5b32bf2105,0.3231824212090772
870cdb302452a5afb56f02c0,0.46963046449163154
32f596db1148ffdff3d19d96,0.8215585910433472
c45a4ae91be728b9ca29fee7,0.2223002626706633
a64e3cbb4aaf1b50e686c184,0.3632403818712023
d2d8c17a5fc1ca11f8d5960e,0.5930065735158547
fdcc4dbba87fad870afd492b,0.30842079868901734
c077a60cdffe008550717171,0.2223002626706633
5c611ceba27a9a2771dee5d5,0.6329953302650524
652ceb2773017883da00ebb4,0.2223002626706633
fd762939a9786d3a15a345f3,0.2618527453416014
46d82d41b49bfa0b0d4ad78b,0.2223002626706633
011dce80c71c4a6890f5a7c3,0.3896114753503993
aac2fbd53877fdf36ddb54e3,0.2223002626706633
7667df725e54acff7508ed91,0.46963046449163154
b013b67910dae4314b4f640c,0.2618527453416014
c6c8dac4046d61ceefafb048,0.2618527453416014
4963a5d6caf4c69456b7f243,0.30842079868901734
af5476f9a42480f83c986f7d,0.6980550453424126
e29a04c4d298473e0d55d78a,0.3439656026838431
32c70bbfd59b9a8c843bbaa9,0.42776194331706413
34d23af17d63b9984b6d7b12,0.48749817882710983
25936f4ede1e79c2c03ee416,0.8215585910433472
6c444e2bd5198f53955179b2,0.2223002626706633
ec9feb2d5748f42d96abc7cf,0.2223002626706633
90b74936b88833e4cfc15dc1,0.681986452979044
2f84378329d02fc0e56f383c,0.2223002626706633
1f179a9e9a91b59b1fbcd997,0.3977852877644194
30da7f502e5c73b4456dc394,0.3753179592743389
c9d7077486848abaae3a602a,0.6980550453424126
efa0e8c851fe66d5cc973ad2,0.3632403818712023
225991aa09d0de95cefefdbd,0.7211844798600746
f00ce9a07628c2a13d117ac8,0.2618527453416014
e41a303cc7339152d4897486,0.3231824212090772
ca6e02a1bc19e9eefdd21a12,0.2223002626706633
f36dce5963aebb3a5e252bb7,0.8215585910433472
706873b6b91ea3bd44c86914,0.3439656026838431
124aa9a91fe26886edc67d3f,0.3632403818712023
b0bc626f91332d5e159f1a67,0.4599871735494544
d874f1b0ff66041bdc6b9396,0.8215585910433472
91224247ee73bf1131369bf8,0.2223002626706633
01779ecc5bec15cd83c939fb,0.3632403818712023
c8c80e92d162b3ff6d40374e,0.2223002626706633
9966aa655c83c90b0be8ccb2,0.3292823902614399
be42e9ec8db0b49edec3b68b,0.30842079868901734
65412ebc99ebdba3864456f5,0.3632403818712023
f111f3ab8c3d24650817a5b7,0.3439656026838431
48a0c035b3cdb802e57a51e5,0.6611317405895898
7e79bebb5a9e076356c30bc3,0.6980550453424126
ca2bed91ade50f1f2e7615ae,0.681986452979044
6c486f0dbdbf6c01005b641c,0.6329953302650524
ba8fb13cf749722f9fa04cfe,0.5930065735158547
5b1dcf8d3ae610130308b34f,0.4599871735494544
c801195b9c6414265c2a36eb,0.7211844798600746
8bd4947693824fb6823b4f01,0.2618527453416014
254831290bf563eb65066279,0.3632403818712023
7f93ff8ee3ac7460ca62a172,0.2223002626706633
11ec455ed32c0fc1525ecf05,0.3632403818712023
b450641d38b5a96e2727ee28,0.42776194331706413
b17620543d3fcbfe1889567e,0.5036863856899226
b4ee6610af9f20395bf9f785,0.3977852877644194
c6137e954b7ecfd277cd51cc,0.3231824212090772
53b96930da37c6c42fb59761,0.2223002626706633
ec0c884f33b3b15d301c6061,0.2223002626706633
5a8ec1b3c23eb52ca6bc9d7b,0.30842079868901734
a849ba38a2e8253498b5d4a6,0.5036863856899226
311eb5b6c501a2c4269f3b52,0.30842079868901734
741450d5fd842b27e4f4570f,0.2618527453416014
0dbff48ddc8e61d306bf7912,0.5930065735158547
71f75b85c082b23abdef843b,0.2223002626706633
b001a5237a970b4c857e136d,0.4599871735494544
79562e1561191073355b6a26,0.2223002626706633
5b1c47aba4f0daad251e43b4,0.3231824212090772
3902308367147e1491e82306,0.3977852877644194
86df1696676dd6c560d36741,0.5036863856899226
f3d3761e9a4be5cf80a4e51b,0.8215585910433472
4a4bba2b5a90df03340fdca9,0.5930065735158547
adcce27fd2db807c726cf994,0.5036863856899226
7609027b96a4bed9d0cd736b,0.42776194331706413
11285cbc5a4212cd4292e4da,0.2571323073537898
eeb9223d010483167a40cecf,0.2223002626706633
30b779bdb9e40d594f553883,0.2223002626706633
b9ceed669c31ef5323571d77,0.30842079868901734
00bd63befd0c2cf55fecbd01,0.2571323073537898
4e5c33862bb031ac8c65c7df,0.2223002626706633
c6e37d66cf0b7a6c9d749e75,0.2223002626706633
b19bc9317bcfed65ed5de4bb,0.5318636610048503
b60079213447dab82288b8d3,0.6329953302650524
551d02246aa19ea78a41aab7,0.3231824212090772
b30e17c9fefdef15a2cc8d8a,0.8215585910433472
175ea7c8a56a396782627bc1,0.2223002626706633
c80f42fb46e462351b84e4f3,0.4599871735494544
3d8734a31f36062e94ce4b94,0.46963046449163154
d595ce8de5fffea0745a34fa,0.25041732575950965
37f6b4ed2abd5f3e9899698c,0.681986452979044
aeddd176d903434880365c2d,0.40307550275991827
821f1bfebaae2fe0cff4fd77,0.4599871735494544
bd35098c408b339a67a92b97,0.2223002626706633
5303e70b33dc774f79205f61,0.2223002626706633
45577ebcb870a55cfe1fd1eb,0.6611317405895898
dd5aa66bf3d4793aa5bade28,0.46963046449163154
2a7d90db0bd848584043beb3,0.2888770566342981
f04bb83a9ac6e4f0b7e7efff,0.8215585910433472
0f2b1b1a0aac577e3110d380,0.3439656026838431
3a3e4646c20e40b2b62af533,0.5318636610048503
f27d902a27f312d1f4ff31a3,0.2223002626706633
544f37cd26089b2e12aa987d,0.8215585910433472
16495fd8b41889bd97fbae1a,0.614902014909253
d8a680fce0654c2933193d07,0.2820806474807734
df49489032aba4006af3f138,0.46963046449163154
41761902933f61a5d9b82f2d,0.3753179592743389
8323d3034fe30fac818228a5,0.2888770566342981
b4c2b6b1f3e9fa462b67ef0e,0.26804909300263763
1c31b5ceeb92307b84d3f2bc,0.2223002626706633
d954bcf24696d20cd2f4a7d5,0.42776194331706413
d609aef37917ecceb6477ad5,0.40307550275991827
29dc0f0223709226ede4dbef,0.357879350742032
c37f16f99ad362db98058444,0.3231824212090772
1f4232e3d582ae72d3d44554,0.8215585910433472
f82cfcac0b078d4d91d0aca6,0.2888770566342981
19c0e0509bda98f9d8774b45,0.3896114753503993
6c8745e4c1290ebed7e7319b,0.2223002626706633
f695f722b8ecc28fa75c7954,0.3753179592743389
4244dfd757d29598cfc6236d,0.2223002626706633
1fd685e076bbe1e0ee85c98d,0.2765389398767427
d428095eaa4bf48df5116aad,0.3439656026838431
2d3f67f569a444318b85a4d7,0.2765389398767427
38754817429609f4f58a5c44,0.2888770566342981
8a76ccfa58fb34eec1d81b72,0.42776194331706413
b4a4e28d680f9cd1856bdf95,0.2618527453416014
26c4198e538a096f7382765c,0.3977852877644194
58a79b11f120917feaefdec9,0.7297824887538302
f5ff3b3949c05202ee7895f5,0.42776194331706413
49e8e79dcb2e8a18e10a81ba,0.26804909300263763
515fcc40a54ccb6209ed3406,0.5112203994502984
a59a4c7d4bc8cb0eb6b09e58,0.25341714401945137
c708f46e0f58f3ce0289772f,0.3231824212090772
4ccabc8f42bad975c609a511,0.3632403818712023
1ba4d04e63b8bf043bb8f54b,0.2618527453416014
4fc53f8f4d7b86fbf1c70ad7,0.2223002626706633
ff24601ee49a0141cc5e4141,0.2571323073537898
4106eac3316ead98ce80c672,0.2223002626706633
7a28d5cd74dfe15b4efc136c,0.3632403818712023
ba90aa7797880189287ef776,0.2223002626706633
e636fd26516a0fa3e5daca0f,0.3439656026838431
a3f99194b8a3fc606fe184e8,0.26804909300263763
ea7ba0911929048200730088,0.6481916666819194
7db56d21348525e7424e91cc,0.7297824887538302
4fd1e30449c591aa213c3d71,0.2765389398767427
a7096f61473eac063f4647d3,0.25341714401945137
1a5325855ae81e00bd456811,0.2888770566342981
c76894dff225675809a95d75,0.2974058883745522
53d5e570a163d2f023839a60,0.3231824212090772
a84c71f7d3c2e5faa1185785,0.26804909300263763
33a8ade05059a97bb0bf6ef8,0.3439656026838431
3655bf1969466372f09bad9f,0.2223002626706633
be8da91cdbc77c3e5e8b417a,0.7211844798600746
c851f6587b5f03c215e42cd7,0.5930065735158547
ce68ea22b29e54e512624575,0.42776194331706413
07d243bc69fec6b370c885dc,0.3753179592743389
57e1276d67accaef1b38266c,0.7211844798600746
febc08c3a62d749e6b9d69e9,0.2888770566342981
aab3bb14cf4be251a70151a8,0.3439656026838431
03bcb5fcb8b316f87553da8b,0.2223002626706633
96f4cbdd4d3c820cb23ec4b5,0.2888770566342981
f388ee954bedb1faffd40339,0.5318636610048503
1ecb2bce130033af19936aa9,0.26804909300263763
98ddd13ebc9cd59ff4d1b865,0.5318636610048503
f0152fbc1a6d49348863f677,0.3231824212090772
a2ad8cb41bb795095f5356f3,0.2223002626706633
7509f6d8b8bc5501f4fdfab0,0.2765389398767427
db62901c19924d9407b56843,0.48749817882710983
ba15348f8a2c960c66e09f00,0.5318636610048503
1664e1b4a6723c590bca7e9c,0.3439656026838431
592de62c27f1fdadc24339b3,0.2223002626706633
0eff407254749571ef66db16,0.2223002626706633
18456a5f09e2843e7fe6bde9,0.6980550453424126
723d68d1451c6f99d7cf81f2,0.3753179592743389
ad72c4ceeb0462378f78c04a,0.26804909300263763
5b0f91c5b046f5acbda8b783,0.2888770566342981
62961386792f2b1e04b49d0d,0.2223002626706633
b80ed5ae2dd006e0d94bb98c,0.3439656026838431
1394d2fe987092db97e05aef,0.2223002626706633
6c02423942de0dee214b8740,0.5930065735158547
b219b73f0f2c2591fe7ecf74,0.2765389398767427
cfb29d97fd31fadb9557ffca,0.26804909300263763
c42ff580d94b45bc8509f30d,0.5036863856899226
1c5d759366fae72128557e3b,0.30842079868901734
20be7e4ff598970f2caf7676,0.42776194331706413
bb50a4b8fe01f3895183ca03,0.2223002626706633
5c7e1545f76405b0992a365c,0.2888770566342981
92d0d49b827d0e563c32d24c,0.2223002626706633
99aec8c2bfbf7266b103fdd0,0.7211844798600746
98fc04678ab57834ff938c4c,0.3231824212090772
8ac6b45d17d6fbb51426683f,0.8215585910433472
fd592c746d9c3068b51eb9c5,0.5555299373418671
63c2bf915906afa1f241901a,0.2223002626706633
434e6490aaef8ab3ff5cbbc5,0.3439656026838431
c1778f83d14f24382fe1558a,0.6329953302650524
5202b5c3e822b744b7245d11,0.3632403818712023
65978354bd743a6131421dcd,0.48749817882710983
ae298ad66262f456de7fe48f,0.3439656026838431
66cbad84cd31f187a81f1cc5,0.3632403818712023
64eb1e5255899c888d6e356a,0.3753179592743389
60fa77d2e8361d3f7fad9305,0.2223002626706633
e79ea177183b652ad31d31c1,0.2223002626706633
23f1475f604d6f662ecdaa42,0.2223002626706633
8639ea2f978498007128e8c2,0.3632403818712023
c3374c1ee02839f6ccc571d8,0.8215585910433472
3ecec2dee68aeb36ec9fbe2c,0.46963046449163154
54462d5b8304a0c999174300,0.5036863856899226
d66646f0f50b6375a22a8613,0.3977852877644194
3ecdb8b2c5d94b81c1984538,0.6329953302650524
bd18b5b6887018afd70f1f15,0.2223002626706633
6c27602b7ba9d4f54ceb9e5d,0.2223002626706633
372437690e0b7d35b41c2544,0.25341714401945137
dc46f7ed117bf14af43d80da,0.2765389398767427
0843b3dfdb7a2cd10baf9084,0.3231824212090772
6f599f781fcef13762ad7f6f,0.2223002626706633
b3623405c3f870379770a9c8,0.4599871735494544
cb5abd20dcb657c4c03a1419,0.4599871735494544
ffa9c439b1d6f05eb5bd1eb6,0.3977852877644194
3581ca4f92a8a63b0c2b5fe4,0.3439656026838431
390d847af38be6437a7f2c57,0.25341714401945137
c43b196a56ea09b1e502008b,0.30842079868901734
1410abbc6e4d182099147d1d,0.26804909300263763
66ae532d229172189dbc6305,0.565990492555927
32874063b0e8ce5d39f212a0,0.30842079868901734
0a01ea4ed560ae24f7c27806,0.48749817882710983
01cd94a20e1a532eb4ce17ae,0.8215585910433472
3019504694f3b7be1e0035e4,0.2888770566342981
c621f82b9c30c653aabe50b6,0.2974058883745522
dc3d7be0fbba3fcbff7acf3c,0.3753179592743389
50e57f8f54a38506a5caec24,0.8215585910433472
831a5919c4520d8751edc0c4,0.48749817882710983
8cbe19b42a7d2da9afde677e,0.30842079868901734
185f8e944c5e3eda1e1e2ce6,0.26804909300263763
ee7aa9b088dbdec7aad25734,0.2223002626706633
6aa6b1fdc22b8d1cea6eeb82,0.2223002626706633
3a890352bd70720446ec8d8a,0.46963046449163154
69b6f10449adc01b6c4def09,0.614902014909253
8ae7c102d59b50fe3266f93c,0.7108122634763278
d33248103dafe169f0b926d3,0.3439656026838431
109d088cdfb16b1e43d99347,0.2223002626706633
2150d5d58b0f1c8eb23136bf,0.26804909300263763
0b7e08bc0d01d70f0dc105fa,0.6329953302650524
2b7b9f9c4f75e260596ba573,0.3896114753503993
dec4e0b1f09e8559883af773,0.48749817882710983
4602544942dfdff10fe6feb7,0.3439656026838431
6b47ff204a92e6fa177c8ebc,0.6980550453424126
f0f8aeac1b1eb9957d1e0ee6,0.2974058883745522
b40f009da9662ae1d4ad2c34,0.3632403818712023
496e0b2307f0c08ff953addc,0.7108122634763278
92876cb004c199bef5fd2d93,0.8215585910433472
a851ba43699bf3a08127ad19,0.25341714401945137
8c39edec2d6a79a1fe2ce8fa,0.2223002626706633
506114e8eddffc190899f553,0.3439656026838431
4d530db5c0ba02b36d6ae83b,0.2223002626706633
fb3abd5917d8df8786dd17b3,0.5930065735158547
bc62d75eb132ba256aa1599b,0.3439656026838431
65982cc4df61d546d1fbc096,0.5318636610048503
58bc4ba8eb2adb37b712b4a2,0.8215585910433472
a5e3e8433523271688c12a7c,0.3896114753503993
62b380490f704050bdf46608,0.2223002626706633
4af86b09e2e0c5ea276f0266,0.2223002626706633
c983631db11536dd87fcba80,0.3632403818712023
76ed9b06db421078a6466c71,0.3896114753503993
c3cc35dc6755b7cfdbe20440,0.42776194331706413
54a228209153f443ce1a4482,0.2223002626706633
0078fb71f206712d54d6d867,0.3439656026838431
0c8c1221fe5df9e3a3e3ccff,0.4599871735494544
2c1751fad7c7749c3983605c,0.2223002626706633
ce0b2203d7dee9ddbed680d8,0.2618527453416014
af7792e2d14902ee4bd92496,0.2765389398767427
6853589de3ce63cb413e2406,0.565990492555927
bfb3570457b080b6519efbf9,0.2223002626706633
a19e380f57cb088cad6bda9d,0.2223002626706633
db771bb5822b9bd809da854b,0.3439656026838431
97e430790e6e13046a483bc5,0.3439656026838431
3622d791c5039aa9fb473a34,0.3439656026838431
72d2a2b005a006f0563ef8b7,0.2223002626706633
e8b13c8a2556e1aa62feb5eb,0.2223002626706633
4c75812582703e50c1ff0bb9,0.2223002626706633
f8f557921f28ce0e6750ee6c,0.2223002626706633
624dfccb3272d7367fd0887e,0.3896114753503993
c89b285fce25cb5dde0522a3,0.5318636610048503
0a7b47b5761797c2bd56ecfb,0.2223002626706633
2e4470e6d6968f897576dedf,0.6611317405895898
4b9326e8d224d1e9f8ead07a,0.2765389398767427
c6383f73a5889a589f326812,0.2223002626706633
63a5518c3086af0770c69279,0.2223002626706633
b6373e08a32b5fc52ddba96c,0.8215585910433472
50677b4123e7fce371f374aa,0.3231824212090772
acb7132cce7148dc3fbe7358,0.30842079868901734
05f3c5af53bd0c2ab6f30e97,0.2223002626706633
3c87c17680e9c41fa661e92f,0.48749817882710983
27b02737d14592345cc83b19,0.6611317405895898
e9507424d6087def081a178f,0.3753179592743389
ef27473b7f0ea1d469908001,0.8215585910433472
fdf7c9625d05a117ac2d8d75,0.48749817882710983
e5ab1f232dd89ca547cebb04,0.42776194331706413
68ae06af6629a800df0bbf4a,0.2618527453416014
a4a1a4b878d26b0eb6bc4faf,0.8215585910433472
38f78774a10e0a7ef1756609,0.2223002626706633
42181f4d066426c9d2c1db84,0.5930065735158547
497fdb43774a8f96f4e411d1,0.6329953302650524
9ac80de78ca3b802a11bf601,0.42776194331706413
1f0f03a35e6b40386d2a92af,0.3231824212090772
d5cd0f6363ad3a9aaa59e6a0,0.5555299373418671
8b714d78c887cd61cf8e91ab,0.6329953302650524
120cbefc127d9925d629ace2,0.2223002626706633
a58368619b21ab0867e13a45,0.2618527453416014
bf57ec1524706bf31a5eab90,0.46963046449163154
2dd5fbe6839b72b15eccee49,0.2618527453416014
8c13e95e4b7611e84404ea62,0.8215585910433472
2abea0ec425aac6a0ef9001f,0.42776194331706413
27ca76a40619759d94ea6213,0.3753179592743389
42891d2f6cb04ce657ebc398,0.5555299373418671
8b081bee5ca178336ebac07a,0.42776194331706413
24fdce9795490665d408523f,0.48749817882710983
ef1e4066a10733e533a981d1,0.8215585910433472
96d02e05fceafe8abcbaea18,0.26804909300263763
02d82a9ce99d82b55c409e35,0.5036863856899226
023814ee2f4ff2ccfa0e574d,0.3231824212090772
5b028224f53ccde5f44340f9,0.3292823902614399
6c02a7829173744481a27c51,0.42776194331706413
182568d49498f398d2a327b0,0.2223002626706633
4753f7a7cff27f012eb45dde,0.3632403818712023
2e75f9c0c970c5ff25125e71,0.7108122634763278
f540aa27c517c3fe4f2a28f7,0.8215585910433472
19e8207c08d027ce980429a9,0.2223002626706633
6682c89a549cf8417850a1a0,0.27193469237696943
b320babc929275955a1293ff,0.3231824212090772
bb4e49ef02bfaaf20b692120,0.3753179592743389
41e48fa92c4d7b8021753b91,0.42776194331706413
d69c55f4c35d84dcccd7f9ec,0.6329953302650524
27946d1ff5f2b7e98bb84830,0.2223002626706633
38c139f3cc0e98281687751a,0.3896114753503993
1c438c2ec39d77655740cc40,0.7211844798600746
6fd34026b5777c31b8bf2059,0.46963046449163154
60cc9fa096f97d80a2fdc4f2,0.48749817882710983
96a7565b49da596ede3d3a93,0.6329953302650524
6af7a8fca532ac2d53371489,0.3439656026838431
955c007227b410ace8f67a41,0.26804909300263763
2f2e7239bf99b9f7ce166a31,0.2223002626706633
e2f2bab252c676668838f745,0.5930065735158547
0a2ec2c9670bdb6d180b2e4f,0.2618527453416014
6fcfa2aee3c032d1312408d1,0.46963046449163154
56ce5fa3bb50e18ae21f8b36,0.7108122634763278
8e805f29c1fd9c171ef3bf53,0.42776194331706413
be669a0636b4d7a8731ec691,0.2888770566342981
31db08922be71ab230427aee,0.8215585910433472
a843b374a8038fe6906d214b,0.3896114753503993
03482b95674d44c66875c94c,0.6611317405895898
1a0e7112aee3ae9d90311d35,0.8215585910433472
3b0bb07731125a378527683c,0.46963046449163154
6e60fc745eb999aeeac3bead,0.48749817882710983
9b9d86c61a95dadab87dca61,0.3439656026838431
819c4751e6bff6024bbfefd8,0.24587124222984752
ca733b496b18ddffc534b304,0.3753179592743389
b7b2a5a555cf690ec8db1178,0.30842079868901734
664a65b50ea0efa24686b45a,0.2223002626706633
4fc0ba87be06dfcdb884881b,0.5555299373418671
5d4b266efbc000c73f764246,0.42776194331706413
92baec9f313e822554302434,0.30842079868901734
95cc5381813beb3f8de1bb4c,0.26804909300263763
22e5c4e689cf5cca27c2294e,0.681986452979044
4a78e620354270b03aba5591,0.8215585910433472
a17e25d03774dfa4c4b3e498,0.46963046449163154
1a0919414dded19ca0f02be6,0.46963046449163154
2af9f2b0156ca33b057e5714,0.2223002626706633
390859648c88a11b17e36004,0.2223002626706633
77258b3a35f31745be664cc3,0.2223002626706633
eb29e92200ea4d0e07c7f4c5,0.42776194331706413
767d797a2dff4a1545a9d377,0.8215585910433472
70238972f5083208fc6cef67,0.2618527453416014
26c0b24411f215e7aeb9c69e,0.30842079868901734
41f674f2a3ffda379ce00a29,0.2571323073537898
14794d2dbfbbb2f565714969,0.681986452979044
31f50e58b076189c865aa056,0.46963046449163154
209107a22844166e1d036caf,0.8215585910433472
c59ff2ea174ff7d016655e76,0.48749817882710983
7dedec5363d1adc76d9d65b2,0.3753179592743389
5f5b04bba330454ce86009a8,0.8215585910433472
b4492c50a0d9ef5100e17e71,0.2223002626706633
909c2bb2ce2945126cc498f8,0.46963046449163154
979b83adfd699a4427350edf,0.8215585910433472
3b869503253be8846714f019,0.46963046449163154
eabac225a870ebcccf632d3e,0.3231824212090772
784943555bd50a56404dd61f,0.26804909300263763
d52db25c4a81056468d940af,0.8215585910433472
e03a8f820d8bca5d4b484f89,0.8215585910433472
772bef0500993a9c88c24ffc,0.30842079868901734
2a27fed887ee2de6606bc46b,0.2223002626706633
8c09feb89710415f0e49d365,0.2223002626706633
c15211f0f0900733d1adb0f9,0.2571323073537898
0b72d515f8b49a872ed07c89,0.8215585910433472
6ea5d9248f0ba71562bd1abc,0.3632403818712023
d3de0d1fdb4b14b1c7d520ea,0.6611317405895898
8a21411fac8399d23fa7f23a,0.3632403818712023
34f64e250138d860159cf702,0.3439656026838431
aedb38dc7b3ea6ec5aa8d9d0,0.6329953302650524
ec008630e1ea2d5595a03cc7,0.5555299373418671
ef22d19a62ace00edfa1db8f,0.2765389398767427
4cb09e1a17ce8059ac6ff4a0,0.2618527453416014
59df1016392bcea721b2d4d3,0.3439656026838431
0c0d0b7a9d61c5dfd1c25994,0.6329953302650524
86dd340f4fdf1ee683bd7613,0.8215585910433472
6654116bd7d57a7a85fdb604,0.8215585910433472
c982a72d385cbc4e105ff7a3,0.3439656026838431
1e504f8f4c2f5177b7186dd8,0.2888770566342981
af22f0e29d0697ccb35af141,0.5036863856899226
9e62f21073ba25aa77ea36da,0.8215585910433472
271874c8ba588f5f76f75689,0.8215585910433472
ccc1f7cf83312ace593e131e,0.48749817882710983
3281e522251c85bbe2087a30,0.8215585910433472
8ae0d21b8c28fc8c133feaa7,0.48749817882710983
8a543397b7463dde1422ecc2,0.3632403818712023
b3eb9cb80a11cd0f77619c58,0.8215585910433472
e9e366364f617591ae5ef17f,0.5318636610048503
da0fb3e410726c49df5d217d,0.2223002626706633
7805031deda680c31ba16e2d,0.2223002626706633
4875d572be0578ed7667a109,0.2765389398767427
37ae69f503fa3638dc535f7c,0.2223002626706633
332f96b9e8a97e058abb6c59,0.7211844798600746
d9670565258501614644adff,0.30842079868901734
597d92fbad17d823baf936e6,0.6329953302650524
b979df19702949389d848214,0.5318636610048503
ac2940557c66cfc9ff80eb07,0.48749817882710983
f0822a3ed75eb00bac44ecd7,0.3632403818712023
5fa094818fcf5ea827f2772b,0.2223002626706633
4eb1059dec983bd32edf058b,0.6611317405895898
c0c6d3d4816b9d664e3a08fe,0.2765389398767427
4febd5610f4f67591b4f5d9f,0.8215585910433472
e0dbbdd43d499c876eee4edc,0.5036863856899226
469a51d7e474c0d049261e64,0.8215585910433472
df856bb3a31f4662456c2ee3,0.3896114753503993
65d7782e2d4ec1d379c77587,0.2223002626706633
7b76d9542bbe9f032430740d,0.681986452979044
39bb0a21840a42f421ec4e0c,0.2765389398767427
39aeb8010e5a2f54d900dbd9,0.2223002626706633
633f1acd90c9784586845af5,0.5036863856899226
e0ee613d353287618d2fd6d6,0.3439656026838431
586f58cce4eedf0d366689bb,0.8215585910433472
94f3351920774c65749d9e37,0.8215585910433472
7eb7ac825db1cce14129fc46,0.3439656026838431
ef53199ebc462ac3be97d894,0.3231824212090772
6ffd76b172aa96b24df3ebc8,0.2223002626706633
132c1ad90638ccb7c45c4e2d,0.3231824212090772
ec0116ece6032ae1cd01157c,0.5930065735158547
631dc95d07390fd4c7996bc0,0.2765389398767427
67783597a7680f9ea9002e0d,0.2888770566342981
d643d3fcc80615d58905dff5,0.8215585910433472
97c880f4870ad1eaf8ba0085,0.46963046449163154
521ffadaa2dd399067c6af46,0.2765389398767427
68aa809a8869c33433e02997,0.3896114753503993
6ccaa4c4e2dd7a252e3de2d0,0.8215585910433472
c487a2058ef28dbbff2bb963,0.3439656026838431
e492ac86e1a9ecf8649ada55,0.2223002626706633
da28ac18ea96a07a4ae4a93f,0.2223002626706633
162225aa1714a5b42a7b0148,0.5930065735158547
1b7ec672744ab0eacc719ee7,0.42776194331706413
eb6515aa3b396c5e6fa819a2,0.8215585910433472
9c810705096103db1f7fb88e,0.2765389398767427
66aca0dea90048db92c653f2,0.3896114753503993
3cda5fe68f410173a171c27f,0.5930065735158547
11f625026556caf49ef8bf55,0.5318636610048503
5df204d898fee64bc390703b,0.565990492555927
c55b22a8abacae2bc8456975,0.5930065735158547
5e1d2ad12008a4c7433f5d0d,0.8215585910433472
d3fe6389dccb4c9a2454efdc,0.3753179592743389
591a8c92b297bcb4b441f476,0.25341714401945137
9eb0174e927e2c105db99323,0.2223002626706633
3fbd5a332e7b486610c522c9,0.8215585910433472
d7bc7fc3cc7b85ccb51deaf5,0.5318636610048503
0f5e5e0b651b65c82f62d208,0.5318636610048503
b54ddd797c61c0d037abae85,0.5318636610048503
a222bd3faceddfabd3d520da,0.3439656026838431
8bf42b80471a82c7261bce2b,0.2765389398767427
b7d29f81289bf0abed7a2807,0.8215585910433472
e361cecdd637c6a3d24e386a,0.3439656026838431
cde4032faa3f585db6b3d89a,0.2223002626706633
9a5c27991314111096ed8343,0.30842079868901734
cfeaa972433e7e0b53ec8703,0.42776194331706413
57434d93e022e5dbccd06c4c,0.26804909300263763
f3c57c6e8d730dba9dda188e,0.2223002626706633
4133b6f2096a92a2f534b379,0.47699473819667254
3e8640ee0cc60bd00dc48255,0.6980550453424126
e8fcdef15f0ef7e0175da8f9,0.3753179592743389
99f213109212c63c1537df59,0.3439656026838431
204fe6d5eba6a67e034e7f65,0.2765389398767427
0f27f645b9d9abb8322722c9,0.2223002626706633
d1345c13d60e27ed498df646,0.2223002626706633
b6f43eebe43e92bb9e359780,0.8215585910433472
36c7f3647271e5ab65ac149b,0.2888770566342981
e817c0b38615ccb82e17b24d,0.3439656026838431
c6660001427a7fc43418451a,0.2765389398767427
93cdb9c6cef789b0aec84029,0.26804909300263763
38ecce71f423c4efd46a98a1,0.8215585910433472
09b6121b0518041492750f88,0.6980550453424126
d7dfafe6281330179253c30b,0.47699473819667254
807df976c56ae57a1dc040aa,0.4599871735494544
845fa15c2938520ada7ecefb,0.2223002626706633
e2181bf394771391ef19dd98,0.7108122634763278
8a84d0aa5ab142c234389fa8,0.46963046449163154
b1fdcd9e6eace710bb903db8,0.2223002626706633
527e8c4b344fc3e4fa63a944,0.8215585910433472
d5297a914f73bccee0df50e8,0.48749817882710983
eb4256b76cbc8f0029f02781,0.3753179592743389
ce1c171c92368e3900e3cc9d,0.8215585910433472
a1859f58a12446d3483b9638,0.42776194331706413
56a227ed2f019e8582e7626c,0.3896114753503993
1de8f8c946c0fe09ca305059,0.8215585910433472
90a4b1e4adba3aedf1076909,0.681986452979044
b99f38eab1e0174d1ba5b954,0.3753179592743389
b8718e5349088aa8ce235534,0.30842079868901734
5831b41126080745d6b8d52f,0.3896114753503993
f01103382f65792ff7c86867,0.2888770566342981
7b8899c24671bd626765da8c,0.7211844798600746
24c651cbb80e85f7a23c59f1,0.565990492555927
22d0036ff89b4ab232831906,0.48749817882710983
61fdb2a1a1a4a57850e084e1,0.2223002626706633
2b25f036b789b9403ab14ba3,0.2765389398767427
4295f08b0dcc195699a41789,0.25341714401945137
9b6ea17c2311e251b36f6586,0.2223002626706633
d9e5a841afe26664b242d9e6,0.3753179592743389
001c6ec05c511f950ef9c0a5,0.3977852877644194
0e1a079f38c984f90329da7d,0.3439656026838431
37b8829126f2f32369f377c2,0.2765389398767427
82de3bcec3c75f2d80d56dd9,0.7211844798600746
039ef27a488701e865d45bdc,0.3753179592743389
0dc38cc3401eac6cd43c3174,0.5318636610048503
d1197628f696952cdc66a7ad,0.48749817882710983
ee73c3ea1ba67409f75e6df0,0.26804909300263763
b537b2949651cefd9605e1d1,0.2223002626706633
e6c4a40ddd0b5af6b17515cd,0.3292823902614399
abfdc9b5a4eadf2c4493fe1b,0.42776194331706413
e41fe005238205faa5478110,0.2223002626706633
bb6a34caedc70dcbbba4f5de,0.2223002626706633
35d14947ba09befa016f5727,0.3896114753503993
e1d5d355803b10abe3300d28,0.681986452979044
df9bcba4ca4cfe269ecf9768,0.42776194331706413
96c14d5a47928e49910312b6,0.6329953302650524
e1b14dcb482f26483b075e9c,0.2974058883745522
f63d69fe641b205527a8cb25,0.2223002626706633
42221386f560fadd1ad4da8f,0.5318636610048503
77e9326f6227f063645f03a0,0.48749817882710983
d819b0f418276216c9d0c908,0.2223002626706633
76781b25c8f4e3c5ede3955e,0.2765389398767427
8c4a60223f57048934a32c52,0.3753179592743389
74a89eec2ab8d242fe922e88,0.3753179592743389
4bdede27cbbb5ab673d4feb3,0.5318636610048503
dd665aaf79c6c79651b7594f,0.3977852877644194
63d6ae0c3c62c48aa5a33ed1,0.6611317405895898
fde9323fa180350d077d64a5,0.3439656026838431
6af739cee29e955da2566108,0.3753179592743389
8fdaf0baf48dcc2836764866,0.42776194331706413
195fede35953df7b791a0046,0.6611317405895898
3b5b31d6af7701fe29c42e7c,0.3977852877644194
6c62f0765deb5980f7ac4dbe,0.8215585910433472
f2cb103ec14a502f6c2f0128,0.3977852877644194
0879b29247ec26313415deae,0.48749817882710983
af0de597f4124c38d5fe2b07,0.3439656026838431
8eaba2d0e45834a43f3b53b8,0.3753179592743389
05715c14634fd817ccd2c82d,0.48749817882710983
2f210ab3e79e045300fff272,0.48749817882710983
1cb873f3c5963d42404151fe,0.2223002626706633
28be91115c240c56eaee1e9e,0.3439656026838431
baba842ae3bc583b4fa53c06,0.3753179592743389
74afab5485122a843238826e,0.2888770566342981
748fcbd2b91428134521b8ec,0.5318636610048503
f6cd56b3ebd8febe1516efa3,0.2765389398767427
5f6acff5c10fc6db9f764c2b,0.3439656026838431
db05cda35629846e4a408560,0.42776194331706413
4addb2b393dd749953b72283,0.2765389398767427
6c4dd5ac247b554fad3de13e,0.46963046449163154
106db702799c80a0fe6a8c21,0.48749817882710983
d78854898f219b62580242a7,0.2223002626706633
d06610a1c04b4e358088159b,0.26804909300263763
4e5c11a052118a1ff3a33775,0.3896114753503993
47e205ea277bdb0ee2fe0469,0.3439656026838431
333b9d9cdbd2d6ba4989edfe,0.565990492555927
84fec9e27acc86c1fe9a87d8,0.3896114753503993
04cdc1de82c87da473ccff03,0.6329953302650524
3926d92365032a7760bf38be,0.42776194331706413
cff2cf53b3fb694c111857c6,0.46963046449163154
0e280d7a87413e88fd11ba30,0.2223002626706633
2b637d619f74bc65068e3251,0.42776194331706413
b08400358e9f67fa82e463c6,0.5930065735158547
821bdd5e3059e35ac4f119cc,0.3231824212090772
1ad219936854e9c8ac853596,0.2765389398767427
0e33726d21adf899d1b33281,0.3632403818712023
b737ce219901378406b8f04c,0.2223002626706633
e0599eb8de8284d7fdbb780e,0.681986452979044
0dee2ee3cfd7f874cc1af7ee,0.565990492555927
9e5f85dd9d50a7f72b40e559,0.2223002626706633
9a6f43541751ed2125bcf28b,0.6329953302650524
4b0b31fc852334a52721741c,0.2765389398767427
920aaf8a022adecf81f4bf9f,0.2223002626706633
f6873d261d07be17027c1058,0.3231824212090772
9bf83d250e777108833c35d9,0.8215585910433472
da935ae16625f5c42975f4b6,0.2618527453416014
9090c6e0ea12242dcecbc5ff,0.565990492555927
8b96430c857845d32a6f73c6,0.5318636610048503
8f536b9de0255512a0b16a72,0.3753179592743389
a45adbee4858116d6379a752,0.2223002626706633
6c8d1ebdb08bad6e490ee4be,0.565990492555927
5c8e5f2f8d88eb5310f9e3ee,0.2223002626706633
dacbd26ae78fedb7509ec45c,0.48749817882710983
ea8fb73aa4090caec33e12bf,0.8215585910433472
b9c20c598a34572cbbf36514,0.3231824212090772
9f3266725042f0937cedb043,0.8215585910433472
0bcfe29cc1da37be9ec626e5,0.46963046449163154
ebcd50c0fc9132cbea552726,0.30842079868901734
07fcfdabf2d8eb998b772976,0.6329953302650524
5ad4f6c5d7f105fb7ac79aea,0.2974058883745522
fa2d9da3b75aa83b63c12810,0.46963046449163154
5167733d548cb150d91bb19b,0.3632403818712023
7a61a7c58f66e8e383493988,0.2223002626706633
59020fec3a757558d966928e,0.4599871735494544
b8e2ad3bf5eec63a905f63cf,0.2223002626706633
08e5f935890e02c55c4bc3b4,0.46963046449163154
ab2e60f3dace09d6c287b65f,0.42776194331706413
1b23a6a36de042ae78822f15,0.681986452979044
39bbb456447d4e07f7846db3,0.46963046449163154
82a8e105ad05b17062b5fe98,0.8215585910433472
69a4d666e213c37864ade5a4,0.30842079868901734
64161e153c802c5bc5382e0b,0.3753179592743389
27b4a94d7cbe25aa20a5d042,0.3896114753503993
79d28830599ac1b2244352b4,0.6329953302650524
9dcddc8eec4daff504042b7d,0.2223002626706633
7a4475a954763f22c8468130,0.48749817882710983
6f3369b3260bbc66fc733f22,0.2618527453416014
5456da9cbe097a93dc920e1a,0.681986452979044
51b0cc93001a7a623c7b0fcb,0.2571323073537898
a90756718f36f0f5eca12843,0.8215585910433472
9ddb5a1c48c0c76fff350b3b,0.2223002626706633
ad27e93c732a3205db79925f,0.2765389398767427
f3639e4ca2ce41c27a06c58e,0.3632403818712023
feb4940aa2ac65e3d97d04f9,0.42776194331706413
6221dc34f0cd172c77ebe657,0.8215585910433472
39fb133aafe97653f41b582e,0.26804909300263763
066d7a66487bbe4007641b91,0.3439656026838431
c7f771f0becc601052fbb639,0.5318636610048503
14fcc6d526036324d19008ba,0.565990492555927
7b3dee87bc804b91fa46d671,0.2223002626706633
eaf8d2e340802f31ecc38c95,0.2571323073537898
690e9b3e8a444d31a507d784,0.2223002626706633
2293c4a3485f7eb98ec35b2e,0.8215585910433472
51d8a3ce4c42fe0981f216e8,0.5318636610048503
d0d91bc90d8664302748dd44,0.42776194331706413
34133fb60133a4a80be49522,0.8215585910433472
d103eb3bd1a0b2f639271bad,0.30842079868901734
dd5d001a89108b84935608e5,0.7108122634763278
e6a56bf28beb940ada69b03b,0.8215585910433472
9fcf9b371410bedd0a9a82c2,0.3977852877644194
5ffae5879de704c1f48f1e99,0.2223002626706633
bc902cdc19cbf99688a44d94,0.6611317405895898
f78ed44cfc32505dd3b9bdc3,0.30842079868901734
2d33e1c846c9f65151cb57a1,0.8215585910433472
4d1a9a57e32c5fa119b68e14,0.6611317405895898
683dda06b54ddd49b1bd13c9,0.2223002626706633
997cf23106fa27d51e6148e0,0.4599871735494544
ac8de59bc4c5950252a5cec4,0.6329953302650524
e55461a2a74bde68dcea496b,0.2223002626706633
a16a5de650541d7d20572fdf,0.2223002626706633
7ab03305d837029f31d6092e,0.2571323073537898
a9ceb70a94766d89d96cd057,0.5930065735158547
2202822bf10f1c9457aa0c65,0.5036863856899226
26479b3817b446cf2b18cb3b,0.6329953302650524
69d8121827603daa9f8330aa,0.2974058883745522
c4c25c1e8f3c9891384a3ed8,0.2888770566342981
63cd1d7ac4268fc48af7beb5,0.42776194331706413
e802988eda7e95fca4fd9d6b,0.3439656026838431
f23988135b1da28575d28e88,0.5930065735158547
fda4996a5f80073999c613aa,0.2888770566342981
14d44106cf0929ed29e7570b,0.5930065735158547
b5fede65f9bd611cd0b33195,0.6329953302650524
50c73cdb3b55ddbb14a6c398,0.2618527453416014
6481e8b1a95ce5637fe8c6eb,0.6329953302650524
8da35a7ddf1a4b45f9311214,0.6980550453424126
d8e2a5f3af6ceb2d3ef79993,0.2765389398767427
bd77c6856904114cd539cc06,0.6329953302650524
4e7f2f9d5b6923a14aec58fa,0.8215585910433472
78e3964bccd8f2a2a89105f2,0.42776194331706413
0148983479ac80f081f9550d,0.42776194331706413
4f4b843728acd702f9d7d65f,0.3292823902614399
1f3f74601ad1e6311673c94e,0.2571323073537898
7c6c78a721404e3e7ffef25e,0.48749817882710983
b463a0c0fe192f90a06bd733,0.2223002626706633
40d7e4ee08f7b8e630d023d5,0.2571323073537898
724ddee5e1ac6e88db81142b,0.2223002626706633
bd3b5d8dd50f356f4a273213,0.42776194331706413
3f4110e5e5177c3c4da5ccc8,0.2618527453416014
2b041fa3ae9fc01fdae9a13a,0.30842079868901734
33b3320798bbed60b66cbf4e,0.6329953302650524
20d9270a56b06ae0a36116f4,0.48749817882710983
1f11527688c4749522271e32,0.3753179592743389
8d38c3e46583aca598c4b740,0.5930065735158547
88d81cd546bdc982964755b9,0.8215585910433472
930a2797aae24e89c402430a,0.5930065735158547
8e7c75ca308dfb4194b4910e,0.6329953302650524
6f450d11abd1a47f51393da8,0.26804909300263763
5632e2630e7c78c12ccdd25b,0.2223002626706633
baacfdec06fcfed3c9bbd73a,0.5930065735158547
bb6c71cf2c47944c9acbf08a,0.48749817882710983
5b15cd029fe6b0052bc8a6b6,0.2765389398767427
ca82e7d785b5a07021b8f9df,0.8215585910433472
0859c6e51b2407ef4feca76e,0.8215585910433472
4c4bbead2410e3cb0cd484c0,0.2223002626706633
ab84cf4e9698e09ebc775d75,0.46963046449163154
2838a2eedb0f6ebe27af31d4,0.42776194331706413
04b51d3f68bffbbf1bd181a3,0.2223002626706633
68d9342df31c9ace7498f453,0.8215585910433472
757793bd16610679a0577f16,0.2223002626706633
741335493b2d3f5715699900,0.3231824212090772
e08f8f94bb4731015891cf4d,0.48749817882710983
ab6b2d914a6474439c48543f,0.2223002626706633
4a833d3214d28e112a7c125e,0.3231824212090772
c7a93a866710574a09e826ae,0.3177347970788955
860e58e6b28ac6c5aee13ae4,0.48749817882710983
7e76b4c8bda331fd0813de1a,0.2223002626706633
95e95f70195ae8f760341981,0.3632403818712023
bfd48b7595816d068a33d4bf,0.8215585910433472
6117ec86e3ec8a7df07f8c67,0.3896114753503993
d380046364d2a78c426946f6,0.2888770566342981
743e0e61a4b31c338a1bde76,0.2223002626706633
682a83eccbccb1a1200116cf,0.8215585910433472
ea42e786218ee31a28584b97,0.2223002626706633
e03a7e850a60dc4f5ad98421,0.2223002626706633
c89933ecf1a96dc5989b92ec,0.48749817882710983
fcb332c8b8c21c44d4f346f8,0.26804909300263763
7522bcb1411332d77bc188e2,0.48749817882710983
b9d8e2c89a28a3df10800277,0.8215585910433472
bfaa3db92054083ba808ba6c,0.3896114753503993
a207c2e8254a7046a940c11c,0.3977852877644194
562ea599d0b3e8ae191f741d,0.2765389398767427
fa4d97b1907ce90407ee87b9,0.3896114753503993
ec5ca82654a252fd1c673531,0.4539534186941784
6fd06b828c785b77e19dfdcb,0.2618527453416014
5965000d1139d388ebcded80,0.8215585910433472
